{"cameraMode":{"drawMode":0,"name":"Shaded","section":"Shading Mode"},"sceneLighting":false,"audioPlay":false,"sceneViewState":{"showFog":true,"showMaterialUpdate":false,"showSkybox":false,"showFlares":true,"showImageEffects":true,"showParticleSystems":true,"showVisualEffectGraphs":true,"m_FxEnabled":true},"in2DMode":false,"pivot":{"x":0.3830547332763672,"y":1.3884119987487794,"z":-3.1516008377075197},"rotation":{"x":-0.0060653164982795719,"y":-0.9937441349029541,"z":0.08550526946783066,"w":-0.07396004348993302},"size":2.09195613861084,"orthographic":false}