{"cameraMode":{"drawMode":0,"name":"Shaded","section":"Shading Mode"},"sceneLighting":false,"audioPlay":false,"sceneViewState":{"showFog":true,"showMaterialUpdate":false,"showSkybox":false,"showFlares":true,"showImageEffects":true,"showParticleSystems":true,"showVisualEffectGraphs":true,"m_FxEnabled":true},"in2DMode":false,"pivot":{"x":1.0652539730072022,"y":1.0664174556732178,"z":-3.6682581901550295},"rotation":{"x":0.0013360129669308663,"y":-0.9959864020347595,"z":-0.01161858718842268,"w":-0.09064473211765289},"size":3.289959669113159,"orthographic":false}