{"cameraMode":{"drawMode":0,"name":"Shaded","section":"Shading Mode"},"sceneLighting":false,"audioPlay":false,"sceneViewState":{"showFog":true,"showMaterialUpdate":false,"showSkybox":false,"showFlares":true,"showImageEffects":true,"showParticleSystems":true,"showVisualEffectGraphs":true,"m_FxEnabled":true},"in2DMode":false,"pivot":{"x":1.5309953689575196,"y":1.0503723621368409,"z":-0.6545872688293457},"rotation":{"x":-0.05311243236064911,"y":-0.9450719952583313,"z":0.19582077860832215,"w":-0.25635749101638796},"size":2.7050273418426515,"orthographic":false}