{"cameraMode":{"drawMode":0,"name":"Shaded","section":"Shading Mode"},"sceneLighting":false,"audioPlay":false,"sceneViewState":{"showFog":true,"showMaterialUpdate":false,"showSkybox":false,"showFlares":true,"showImageEffects":true,"showParticleSystems":true,"showVisualEffectGraphs":true,"m_FxEnabled":true},"in2DMode":false,"pivot":{"x":0.05019068717956543,"y":1.6132384538650513,"z":62.442962646484378},"rotation":{"x":0.10406819730997086,"y":0.6497491002082825,"z":-0.09042771905660629,"w":0.7475419640541077},"size":2.2931079864501955,"orthographic":false}