{"cameraMode":{"drawMode":0,"name":"Shaded","section":"Shading Mode"},"sceneLighting":false,"audioPlay":false,"sceneViewState":{"showFog":true,"showMaterialUpdate":false,"showSkybox":false,"showFlares":true,"showImageEffects":true,"showParticleSystems":true,"showVisualEffectGraphs":true,"m_FxEnabled":true},"in2DMode":false,"pivot":{"x":0.30450737476348879,"y":2.4632627964019777,"z":63.16509246826172},"rotation":{"x":0.06175866723060608,"y":0.017987679690122606,"z":-0.0010934839956462384,"w":0.9979286193847656},"size":2.2931079864501955,"orthographic":false}