{"cameraMode":{"drawMode":0,"name":"Shaded","section":"Shading Mode"},"sceneLighting":false,"audioPlay":false,"sceneViewState":{"showFog":true,"showMaterialUpdate":false,"showSkybox":false,"showFlares":true,"showImageEffects":true,"showParticleSystems":true,"showVisualEffectGraphs":true,"m_FxEnabled":true},"in2DMode":false,"pivot":{"x":-0.6344847083091736,"y":1.022868037223816,"z":9.120201110839844},"rotation":{"x":-0.0008117019315250218,"y":-0.9921668767929077,"z":0.12599101662635804,"w":-0.006880872417241335},"size":3.536843776702881,"orthographic":false}