{"cameraMode":{"drawMode":0,"name":"Shaded","section":"Shading Mode"},"sceneLighting":false,"audioPlay":false,"sceneViewState":{"showFog":true,"showMaterialUpdate":false,"showSkybox":false,"showFlares":true,"showImageEffects":true,"showParticleSystems":true,"showVisualEffectGraphs":true,"m_FxEnabled":true},"in2DMode":false,"pivot":{"x":0.8836040496826172,"y":1.9822752475738526,"z":47.571754455566409},"rotation":{"x":0.10770270228385925,"y":0.08491944521665573,"z":-0.00921381264925003,"w":0.9905078411102295},"size":2.6165878772735597,"orthographic":false}