{"cameraMode":{"drawMode":0,"name":"Shaded","section":"Shading Mode"},"sceneLighting":false,"audioPlay":false,"sceneViewState":{"showFog":true,"showMaterialUpdate":false,"showSkybox":false,"showFlares":true,"showImageEffects":true,"showParticleSystems":true,"showVisualEffectGraphs":true,"m_FxEnabled":true},"in2DMode":false,"pivot":{"x":-0.17225155234336854,"y":1.597840428352356,"z":45.71151351928711},"rotation":{"x":0.06651435792446137,"y":0.6590474247932434,"z":-0.058667998760938647,"w":0.7468536496162415},"size":2.6165878772735597,"orthographic":false}