{"cameraMode":{"drawMode":0,"name":"Shaded","section":"Shading Mode"},"sceneLighting":false,"audioPlay":false,"sceneViewState":{"showFog":true,"showMaterialUpdate":false,"showSkybox":false,"showFlares":true,"showImageEffects":true,"showParticleSystems":true,"showVisualEffectGraphs":true,"m_FxEnabled":true},"in2DMode":false,"pivot":{"x":0.008754968643188477,"y":1.6550053358078004,"z":13.371560096740723},"rotation":{"x":0.10406819730997086,"y":0.6497491002082825,"z":-0.09042771905660629,"w":0.7475419640541077},"size":2.217410087585449,"orthographic":false}