{"cameraMode":{"drawMode":0,"name":"Shaded","section":"Shading Mode"},"sceneLighting":false,"audioPlay":false,"sceneViewState":{"showFog":true,"showMaterialUpdate":false,"showSkybox":false,"showFlares":true,"showImageEffects":true,"showParticleSystems":true,"showVisualEffectGraphs":true,"m_FxEnabled":true},"in2DMode":false,"pivot":{"x":-0.21431800723075868,"y":2.6031007766723635,"z":53.815006256103519},"rotation":{"x":0.004807701800018549,"y":0.003021970624104142,"z":0.000005180716016184306,"w":0.9999844431877136},"size":3.2404866218566896,"orthographic":false}