{"cameraMode":{"drawMode":0,"name":"Shaded","section":"Shading Mode"},"sceneLighting":false,"audioPlay":false,"sceneViewState":{"showFog":true,"showMaterialUpdate":false,"showSkybox":false,"showFlares":true,"showImageEffects":true,"showParticleSystems":true,"showVisualEffectGraphs":true,"m_FxEnabled":true},"in2DMode":false,"pivot":{"x":-0.13889512419700623,"y":2.802464246749878,"z":58.63518142700195},"rotation":{"x":0.016805125400424005,"y":-0.013475385494530201,"z":0.00024622681667096913,"w":0.999768078327179},"size":2.520944595336914,"orthographic":false}