{"cameraMode":{"drawMode":0,"name":"Shaded","section":"Shading Mode"},"sceneLighting":false,"audioPlay":false,"sceneViewState":{"showFog":true,"showMaterialUpdate":false,"showSkybox":false,"showFlares":true,"showImageEffects":true,"showParticleSystems":true,"showVisualEffectGraphs":true,"m_FxEnabled":true},"in2DMode":false,"pivot":{"x":0.39281535148620608,"y":0.7243154048919678,"z":-2.0383474826812746},"rotation":{"x":0.004506340716034174,"y":-0.9938275814056397,"z":0.10203402489423752,"w":0.04387378692626953},"size":2.8995752334594728,"orthographic":false}