{"cameraMode":{"drawMode":0,"name":"Shaded","section":"Shading Mode"},"sceneLighting":false,"audioPlay":false,"sceneViewState":{"showFog":true,"showMaterialUpdate":false,"showSkybox":false,"showFlares":true,"showImageEffects":true,"showParticleSystems":true,"showVisualEffectGraphs":true,"m_FxEnabled":true},"in2DMode":false,"pivot":{"x":-0.4077466130256653,"y":1.7356657981872559,"z":-3.9103336334228517},"rotation":{"x":-0.0015099894953891636,"y":0.9980867505073547,"z":-0.02426428534090519,"w":-0.05962097644805908},"size":3.905308246612549,"orthographic":false}