{"cameraMode":{"drawMode":0,"name":"Shaded","section":"Shading Mode"},"sceneLighting":false,"audioPlay":false,"sceneViewState":{"showFog":true,"showMaterialUpdate":false,"showSkybox":false,"showFlares":true,"showImageEffects":true,"showParticleSystems":true,"showVisualEffectGraphs":true,"m_FxEnabled":true},"in2DMode":false,"pivot":{"x":0.05019068717956543,"y":1.2077853679656983,"z":14.542959213256836},"rotation":{"x":-0.10632991790771485,"y":-0.6951099038124085,"z":0.10547536611557007,"w":-0.7033711671829224},"size":1.9871355295181275,"orthographic":false}