{"cameraMode":{"drawMode":0,"name":"Shaded","section":"Shading Mode"},"sceneLighting":false,"audioPlay":false,"sceneViewState":{"showFog":true,"showMaterialUpdate":false,"showSkybox":false,"showFlares":true,"showImageEffects":true,"showParticleSystems":true,"showVisualEffectGraphs":true,"m_FxEnabled":true},"in2DMode":false,"pivot":{"x":-0.42754697799682619,"y":2.1673994064331056,"z":48.15201187133789},"rotation":{"x":0.01230128575116396,"y":-0.02997121773660183,"z":0.0003884917532559484,"w":0.9994751214981079},"size":2.9165878295898439,"orthographic":false}