{"cameraMode":{"drawMode":0,"name":"Shaded","section":"Shading Mode"},"sceneLighting":false,"audioPlay":false,"sceneViewState":{"showFog":true,"showMaterialUpdate":false,"showSkybox":false,"showFlares":true,"showImageEffects":true,"showParticleSystems":true,"showVisualEffectGraphs":true,"m_FxEnabled":true},"in2DMode":false,"pivot":{"x":-0.011831432580947876,"y":1.1843326091766358,"z":-0.003214806318283081},"rotation":{"x":-0.09262869507074356,"y":-0.7203524112701416,"z":0.09807118773460388,"w":-0.6803982853889465},"size":1.543989658355713,"orthographic":false}