{"cameraMode":{"drawMode":0,"name":"Shaded","section":"Shading Mode"},"sceneLighting":false,"audioPlay":false,"sceneViewState":{"showFog":true,"showMaterialUpdate":false,"showSkybox":false,"showFlares":true,"showImageEffects":true,"showParticleSystems":true,"showVisualEffectGraphs":true,"m_FxEnabled":true},"in2DMode":false,"pivot":{"x":-0.27361100912094118,"y":1.415677547454834,"z":-2.4558024406433107},"rotation":{"x":0.0022063020151108505,"y":-0.9956176280975342,"z":0.09316489100456238,"w":0.02012067660689354},"size":1.5136723518371583,"orthographic":false}