{"cameraMode":{"drawMode":0,"name":"Shaded","section":"Shading Mode"},"sceneLighting":false,"audioPlay":false,"sceneViewState":{"showFog":true,"showMaterialUpdate":false,"showSkybox":false,"showFlares":true,"showImageEffects":true,"showParticleSystems":true,"showVisualEffectGraphs":true,"m_FxEnabled":true},"in2DMode":false,"pivot":{"x":-1.2403141260147095,"y":1.527883768081665,"z":-2.867306709289551},"rotation":{"x":0.015365414321422577,"y":-0.9830123782157898,"z":0.09343021363019943,"w":0.15834155678749085},"size":2.1654701232910158,"orthographic":false}