{"cameraMode":{"drawMode":0,"name":"Shaded","section":"Shading Mode"},"sceneLighting":false,"audioPlay":false,"sceneViewState":{"showFog":true,"showMaterialUpdate":false,"showSkybox":false,"showFlares":true,"showImageEffects":true,"showParticleSystems":true,"showVisualEffectGraphs":true,"m_FxEnabled":true},"in2DMode":false,"pivot":{"x":0.16090047359466554,"y":1.6978724002838135,"z":0.5031210780143738},"rotation":{"x":-0.060805872082710269,"y":-0.8942958116531372,"z":0.12870891392230988,"w":-0.4246310889720917},"size":2.6591739654541017,"orthographic":false}