{"cameraMode":{"drawMode":0,"name":"Shaded","section":"Shading Mode"},"sceneLighting":false,"audioPlay":false,"sceneViewState":{"showFog":true,"showMaterialUpdate":false,"showSkybox":false,"showFlares":true,"showImageEffects":true,"showParticleSystems":true,"showVisualEffectGraphs":true,"m_FxEnabled":true},"in2DMode":false,"pivot":{"x":-3.1053221225738527,"y":1.749312400817871,"z":54.87436294555664},"rotation":{"x":0.02727481722831726,"y":-0.051024798303842548,"z":0.0013698632828891278,"w":0.9984694123268127},"size":6.216588973999023,"orthographic":false}