{"cameraMode":{"drawMode":0,"name":"Shaded","section":"Shading Mode"},"sceneLighting":true,"audioPlay":false,"sceneViewState":{"showFog":true,"showMaterialUpdate":false,"showSkybox":true,"showFlares":true,"showImageEffects":true,"showParticleSystems":true,"showVisualEffectGraphs":true,"m_FxEnabled":true},"in2DMode":false,"pivot":{"x":-0.017279941588640214,"y":2.9391636848449709,"z":0.10096597671508789},"rotation":{"x":-0.06326271593570709,"y":0.012572155334055424,"z":-0.0007963149109855294,"w":-0.9979221224784851},"size":0.7101290225982666,"orthographic":false}