{"cameraMode":{"drawMode":0,"name":"Shaded","section":"Shading Mode"},"sceneLighting":false,"audioPlay":false,"sceneViewState":{"showFog":false,"showMaterialUpdate":false,"showSkybox":false,"showFlares":false,"showImageEffects":false,"showParticleSystems":false,"showVisualEffectGraphs":true,"m_FxEnabled":true},"in2DMode":false,"pivot":{"x":-0.012970387935638428,"y":1.1918882131576539,"z":-0.017696678638458253},"rotation":{"x":-0.18036015331745149,"y":-0.4360990524291992,"z":0.08968202769756317,"w":-0.8770918250083923},"size":1.5627976655960084,"orthographic":false}