{"cameraMode":{"drawMode":0,"name":"Shaded","section":"Shading Mode"},"sceneLighting":false,"audioPlay":false,"sceneViewState":{"showFog":true,"showMaterialUpdate":false,"showSkybox":false,"showFlares":true,"showImageEffects":true,"showParticleSystems":true,"showVisualEffectGraphs":true,"m_FxEnabled":true},"in2DMode":false,"pivot":{"x":-0.16603200137615205,"y":1.2972263097763062,"z":7.897868633270264},"rotation":{"x":-0.0008190785883925855,"y":-0.99917072057724,"z":0.03779778257012367,"w":-0.023415472358465196},"size":2.6028997898101808,"orthographic":false}